,train_loss,train_acc,val_loss,val_acc,total_params,total_flops,filters_in_0,filters_in_3
0,0.00025744790537009975,99.06,0.00025744790537009975,99.06,431080,587008000,20,50
1,6.201324101957652e-05,99.73166666666667,0.0002613000490699278,99.25,340940,384256000,15,40
2,9.710829281770354e-05,99.635,0.0005255719294315369,99.06,253300,222464000,10,30
3,0.0003039259586335296,98.80666666666667,0.00036152077183994926,99.09,168160,101632000,5,20
4,0.003126370844307045,91.74833333333333,0.0006468967179527681,98.08,86072,37324800,2,10
5,0.0040063340914125245,86.90333333333334,0.0008323806815780699,96.83,29715,17254400,2,3
6,0.0004521473969876145,98.07166666666667,0.0015814507716558524,97.22,29715,17254400,2,3
