,train_loss,train_acc,val_loss,val_acc,total_params,total_flops,filters_in_0,filters_in_3
0,0.00025744790537009975,99.06,0.00025744790537009975,99.06,431080,587008000,20,50
1,6.539122690928707e-05,99.75166666666667,0.0002728830142991944,99.37,340940,384256000,15,40
2,9.423612276358047e-05,99.63833333333334,0.0003157630127485989,99.25,253300,222464000,10,30
3,0.00021519608850455066,99.18833333333333,0.000342545107911377,99.18,168160,101632000,5,20
4,0.0012405474892351776,95.19833333333334,0.00072357243262569,98.17,86072,37324800,2,10
5,0.002266397244700541,93.055,0.0006653436939839594,97.7,29715,17254400,2,3
6,0.0002076638242326832,99.085,0.001341710684027251,97.83,29715,17254400,2,3
