,train_loss,train_acc,val_loss,val_acc,total_params,total_flops,filters_in_0,filters_in_2
0,0.011700247049331664,98.0,0.011700247049331664,98.0,431010,224512000,20,50
1,0.011499983771642049,99.00166666666667,0.011616529881954192,99.06,340885,158464000,15,40
2,0.011477229024966559,99.28333333333333,0.011627539694309234,98.91,253260,102656000,10,30
3,0.011693672519922257,96.50666666666666,0.01165867224931717,98.51,168135,57088000,5,20
4,0.011871916089455287,94.22166666666666,0.011690692615509033,98.11,86060,25651200,2,10
5,0.012207336183389027,89.93666666666667,0.011757667636871338,97.24,29710,9881600,2,3
6,0.01153337602217992,98.56833333333333,0.011729277563095093,97.54,29710,9881600,2,3
7,0.011514823043346405,98.81666666666666,0.011721437442302704,97.82,29710,9881600,2,3
