,train_loss,train_acc,val_loss,val_acc,total_params,total_flops,filters_in_conv1,filters_in_conv2
0,0.011624833869934082,98.99,0.011624833869934082,98.99,431010,1754000,20,50
1,0.011515246792634328,98.80833333333334,0.011668958640098571,98.41,215910,845200,16,25
2,0.011482056001822154,99.23333333333333,0.01163270058631897,98.86,215910,845200,16,25
