,train_loss,train_acc,val_loss,val_acc,total_params,total_flops,filters_in_0,filters_in_2
0,0.011700247049331664,98.0,0.011700247049331664,98.0,431010,224512000,20,50
1,0.0115019462565581,98.965,0.011643431401252747,98.69,340885,158464000,15,40
2,0.011480880357821783,99.23166666666667,0.011623993325233459,98.94,253260,102656000,10,30
3,0.011696223495403925,96.45333333333333,0.011631402742862701,98.86,168135,57088000,5,20
4,0.012127316441138585,90.91833333333334,0.011703275990486145,97.98,86060,25651200,2,10
5,0.012332730585336685,88.28,0.011766610860824585,97.15,29710,9881600,2,3
6,0.011545388094584148,98.43,0.011745562040805816,97.43,29710,9881600,2,3
7,0.011516271281242371,98.8,0.011718563425540923,97.76,29710,9881600,2,3
